crn,tenure,lifestage,affluence,value_segment,sow
121320442,617,OLDER FAMILIES,NORMAL,H,0.78
121328096,616,YOUNG FAMILIES,BUDGET,H,0.63
121342864,614,RETIREES,BUDGET,H,0.65
121357354,601,YOUNG FAMILIES,BUDGET,L,0.3
121408985,597,YOUNG FAMILIES,NORMAL,H,0.78
121410182,597,OLDER NO KIDS,NORMAL,H,0.73
121414932,597,OLDER NO KIDS,NORMAL,H,0.66
121422121,596,OLDER NO KIDS,BUDGET,L,0.28
121446693,596,YOUNG FAMILIES,BUDGET,H,0.84
121470518,595,OLDER NO KIDS,BUDGET,H,0.57
121472944,595,YOUNG NO KIDS,NORMAL,H,0.73
121500192,595,RETIREES,PREMIUM,M,0.8
121503514,594,RETIREES,NORMAL,H,0.73
121511147,594,YOUNG FAMILIES,BUDGET,H,0.78
121514727,594,NEW FAMILIES,NORMAL,H,0.82
121515222,594,RETIREES,BUDGET,M,0.71
121518415,594,OLDER NO KIDS,NORMAL,H,0.73
121525763,594,YOUNG FAMILIES,BUDGET,H,0.58
121525792,594,OLDER FAMILIES,BUDGET,H,0.82
121532045,594,YOUNG NO KIDS,BUDGET,H,0.73
121533072,594,YOUNG NO KIDS,NORMAL,L,0.27
121534392,594,OLDER NO KIDS,NORMAL,H,0.72
121536090,593,YOUNG NO KIDS,PREMIUM,L,0.52
121548629,593,YOUNG NO KIDS,BUDGET,M,0.33
121556924,592,YOUNG NO KIDS,BUDGET,M,0.84
121560492,592,YOUNG FAMILIES,BUDGET,H,0.9
121569852,591,YOUNG NO KIDS,NORMAL,L,0.15
121590975,589,OLDER FAMILIES,BUDGET,H,0.83
121594582,589,OLDER FAMILIES,BUDGET,H,0.83
121596248,589,RETIREES,BUDGET,L,0.15
121598729,589,YOUNG FAMILIES,BUDGET,H,0.68
121602589,589,YOUNG NO KIDS,PREMIUM,M,0.56
121612172,589,OLDER NO KIDS,NORMAL,H,0.72
121616325,589,OLDER FAMILIES,BUDGET,L,0.31
121619921,589,NEW FAMILIES,PREMIUM,L,0.27
121620885,589,RETIREES,NORMAL,H,0.77
121622754,588,OLDER NO KIDS,NORMAL,M,0.6
121623060,588,RETIREES,PREMIUM,H,0.82
121624790,588,OLDER FAMILIES,NORMAL,M,0.62
121631038,588,RETIREES,PREMIUM,M,0.61
121635508,588,RETIREES,BUDGET,M,0.45
121645229,588,OLDER NO KIDS,NORMAL,M,0.62
121651024,588,OLDER NO KIDS,BUDGET,H,0.8
121658109,588,YOUNG FAMILIES,NORMAL,H,0.82
121677767,588,YOUNG FAMILIES,NORMAL,H,0.55
121683762,588,OLDER FAMILIES,BUDGET,M,0.53
121686078,588,OLDER NO KIDS,NORMAL,H,0.87
121687394,588,YOUNG FAMILIES,BUDGET,H,0.65
121701619,587,NEW FAMILIES,NORMAL,L,0.55
121743333,587,OLDER NO KIDS,BUDGET,H,0.75
121747097,587,OLDER FAMILIES,NORMAL,H,0.81
121753877,586,OLDER FAMILIES,BUDGET,H,0.85
121754732,586,OLDER NO KIDS,PREMIUM,M,0.46
121763312,586,RETIREES,NORMAL,H,0.75
121764246,586,RETIREES,NORMAL,M,0.74
121770089,586,OLDER NO KIDS,PREMIUM,H,0.48
121773117,586,YOUNG FAMILIES,BUDGET,H,0.92
121787890,586,RETIREES,NORMAL,M,0.65
121787940,586,OLDER FAMILIES,NORMAL,H,0.79
121789107,586,OLDER FAMILIES,NORMAL,M,0.54
121794432,586,OLDER NO KIDS,NORMAL,H,0.83
121795736,586,OLDER NO KIDS,NORMAL,M,0.59
121798691,586,RETIREES,BUDGET,M,0.69
121801390,586,OLDER FAMILIES,NORMAL,H,0.85
121805175,586,OLDER NO KIDS,NORMAL,M,0.4
121811473,586,YOUNG FAMILIES,BUDGET,H,0.78
121811628,586,OLDER NO KIDS,BUDGET,M,0.67
121814762,586,OLDER NO KIDS,PREMIUM,M,0.73
121815050,586,YOUNG FAMILIES,BUDGET,H,0.76
121818485,586,OLDER NO KIDS,BUDGET,H,0.67
121821473,586,RETIREES,NORMAL,H,0.77
121823972,586,OLDER FAMILIES,NORMAL,H,0.85
121834426,586,OLDER NO KIDS,PREMIUM,L,0.38
121836566,586,RETIREES,NORMAL,H,0.57
121837482,586,OLDER NO KIDS,NORMAL,H,0.82
121839498,586,OLDER FAMILIES,BUDGET,H,0.76
121849446,585,RETIREES,NORMAL,H,0.56
121849904,585,YOUNG FAMILIES,BUDGET,M,0.36
121853185,585,OLDER FAMILIES,BUDGET,H,0.71
121855017,585,RETIREES,NORMAL,M,0.71
121884105,585,OLDER NO KIDS,PREMIUM,L,0.29
121887127,585,OLDER NO KIDS,NORMAL,H,0.8
121893689,585,OLDER FAMILIES,BUDGET,H,0.84
121898820,585,OLDER FAMILIES,BUDGET,H,0.85
121899973,585,YOUNG FAMILIES,BUDGET,H,0.69
121902601,585,RETIREES,BUDGET,M,0.54
121903542,585,RETIREES,NORMAL,L,0.39
121912126,585,OLDER FAMILIES,BUDGET,H,0.75
121914203,585,OLDER NO KIDS,BUDGET,H,0.82
121916305,585,OLDER FAMILIES,BUDGET,H,0.62
121930828,585,RETIREES,BUDGET,H,0.94
121932425,585,OLDER NO KIDS,PREMIUM,H,0.61
121960187,585,MIDAGE NO KIDS,NORMAL,M,0.59
121974291,585,YOUNG FAMILIES,PREMIUM,H,0.68
121980272,585,NEW FAMILIES,PREMIUM,L,0.62
121982896,585,OLDER FAMILIES,PREMIUM,H,0.79
121983816,585,RETIREES,NORMAL,L,0.5
121987170,585,OLDER NO KIDS,NORMAL,M,0.52
121995985,585,OLDER NO KIDS,BUDGET,M,0.37
121997954,585,RETIREES,PREMIUM,L,0.2
121998915,585,YOUNG NO KIDS,NORMAL,H,0.78
122002674,585,OLDER NO KIDS,PREMIUM,M,0.56
122003455,585,YOUNG FAMILIES,BUDGET,H,0.75
122011976,585,OLDER FAMILIES,NORMAL,H,0.57
122018322,585,OLDER NO KIDS,NORMAL,L,0.39
122018420,585,MIDAGE NO KIDS,PREMIUM,M,0.51
122021712,584,OLDER NO KIDS,NORMAL,M,0.44
122040241,584,OLDER NO KIDS,NORMAL,H,0.8
122054583,584,OLDER NO KIDS,NORMAL,H,0.67
122057454,584,OLDER NO KIDS,BUDGET,H,0.39
228837312,266,NEW FAMILIES,NORMAL,M,0.64
229804332,473,NEW FAMILIES,NORMAL,H,0.68
229969037,492,YOUNG FAMILIES,PREMIUM,H,0.59
230098300,472,MIDAGE NO KIDS,PREMIUM,M,0.62
230099391,472,OLDER FAMILIES,NORMAL,M,0.73
230099467,472,RETIREES,NORMAL,M,0.65
230729667,470,RETIREES,NORMAL,M,0.53
230836337,470,OLDER FAMILIES,PREMIUM,H,0.68
231049063,469,RETIREES,NORMAL,M,0.62
231169305,468,RETIREES,NORMAL,M,0.69
231418901,467,YOUNG FAMILIES,BUDGET,H,0.64
231487868,467,RETIREES,NORMAL,M,0.55
231502654,466,OLDER FAMILIES,BUDGET,H,0.76
231515546,492,YOUNG FAMILIES,PREMIUM,H,0.45
231935310,465,RETIREES,BUDGET,M,0.73
232271809,464,YOUNG FAMILIES,BUDGET,M,0.66
232412386,464,MIDAGE NO KIDS,NORMAL,L,0.43
232595806,463,OLDER FAMILIES,BUDGET,H,0.78
232767808,463,OLDER FAMILIES,BUDGET,M,0.71
232839712,462,OLDER FAMILIES,BUDGET,H,0.59
232863186,462,RETIREES,NORMAL,H,0.84
232871191,462,OLDER FAMILIES,BUDGET,M,0.32
233182052,461,YOUNG FAMILIES,BUDGET,H,0.71
233183801,461,OLDER NO KIDS,NORMAL,L,0.48
233424969,460,NEW FAMILIES,NORMAL,H,0.84
233452707,459,YOUNG NO KIDS,BUDGET,H,0.82
233719321,459,RETIREES,BUDGET,H,0.76
233768359,458,MIDAGE NO KIDS,NORMAL,M,0.56
234422863,492,RETIREES,PREMIUM,M,0.69
234614861,247,YOUNG FAMILIES,BUDGET,H,0.79
234624299,456,YOUNG FAMILIES,PREMIUM,H,0.71
235092305,455,NEW FAMILIES,NORMAL,H,0.75
235348801,455,OLDER FAMILIES,BUDGET,M,0.47
235380826,455,YOUNG FAMILIES,NORMAL,H,0.68
235380883,492,RETIREES,NORMAL,M,0.7
235476810,454,OLDER NO KIDS,PREMIUM,M,0.43
235607843,454,YOUNG FAMILIES,NORMAL,H,0.65
236040376,454,OLDER FAMILIES,BUDGET,H,0.59
236279354,453,MIDAGE NO KIDS,NORMAL,L,0.23
236808314,452,OLDER NO KIDS,BUDGET,H,0.84
236936799,452,YOUNG FAMILIES,NORMAL,L,0.19
237427798,451,RETIREES,NORMAL,M,0.47
237476311,451,OLDER NO KIDS,NORMAL,H,0.83
238702298,450,OLDER NO KIDS,NORMAL,M,0.61
238961345,492,OLDER NO KIDS,PREMIUM,L,0.17
239326316,449,RETIREES,NORMAL,M,0.41
239765813,448,OLDER NO KIDS,NORMAL,M,0.41
239955313,448,OLDER NO KIDS,BUDGET,M,0.67
240098486,448,YOUNG FAMILIES,NORMAL,H,0.78
240119301,447,OLDER FAMILIES,NORMAL,H,0.52
240166807,447,OLDER FAMILIES,BUDGET,H,0.84
241219312,445,OLDER NO KIDS,NORMAL,M,0.63
241314843,445,RETIREES,PREMIUM,M,0.47
241321896,445,MIDAGE NO KIDS,BUDGET,H,0.81
241837823,444,OLDER FAMILIES,NORMAL,H,0.74
242607325,443,OLDER NO KIDS,BUDGET,M,0.5
243247448,442,NEW FAMILIES,NORMAL,M,0.32
243406825,442,RETIREES,PREMIUM,M,0.55
243561864,442,YOUNG FAMILIES,PREMIUM,M,0.48
243828298,441,YOUNG NO KIDS,NORMAL,H,0.79
243844906,248,OLDER FAMILIES,NORMAL,H,0.73
243846312,73,RETIREES,NORMAL,M,0.49
244168800,441,MIDAGE NO KIDS,BUDGET,H,0.83
245362335,439,YOUNG NO KIDS,PREMIUM,L,0.54
245480327,439,RETIREES,NORMAL,L,0.52
245870824,439,OLDER NO KIDS,PREMIUM,M,0.63
246655827,437,OLDER NO KIDS,PREMIUM,M,0.73
246993323,437,OLDER FAMILIES,NORMAL,H,0.75
247520512,436,OLDER NO KIDS,NORMAL,M,0.57
247956856,435,YOUNG FAMILIES,BUDGET,M,0.43
248327298,435,OLDER NO KIDS,NORMAL,H,0.73
248682324,435,YOUNG NO KIDS,BUDGET,M,0.84
248737300,434,OLDER FAMILIES,BUDGET,L,0.45
249011959,434,OLDER NO KIDS,BUDGET,L,0.29
250021371,433,MIDAGE NO KIDS,PREMIUM,H,0.73
253572353,427,YOUNG FAMILIES,NORMAL,H,0.68
254282805,426,OLDER FAMILIES,BUDGET,H,0.82
254323857,426,MIDAGE NO KIDS,PREMIUM,L,0.61
255235347,425,YOUNG NO KIDS,NORMAL,M,0.68
255954298,424,YOUNG FAMILIES,BUDGET,L,0.55
256635811,423,YOUNG FAMILIES,PREMIUM,M,0.62
256859809,423,OLDER FAMILIES,BUDGET,M,0.36
258058298,421,YOUNG FAMILIES,NORMAL,L,0.25
258846917,420,YOUNG FAMILIES,PREMIUM,H,0.73
259034823,420,OLDER FAMILIES,BUDGET,H,0.62
259086307,420,MIDAGE NO KIDS,BUDGET,M,0.57
259170330,420,OLDER NO KIDS,PREMIUM,H,0.82
259172314,420,RETIREES,NORMAL,M,0.52
259439378,420,YOUNG FAMILIES,NORMAL,H,0.72
260122301,419,OLDER FAMILIES,PREMIUM,M,0.49
260882872,418,RETIREES,NORMAL,M,0.77
261337313,417,NEW FAMILIES,NORMAL,M,0.44
261888843,416,RETIREES,NORMAL,L,0.52
262011332,416,OLDER NO KIDS,NORMAL,M,0.38
262235310,415,NEW FAMILIES,PREMIUM,H,0.78
262567859,415,OLDER NO KIDS,PREMIUM,H,0.82
263016299,414,OLDER NO KIDS,BUDGET,H,0.87
263234318,414,YOUNG FAMILIES,BUDGET,M,0.35
263475808,413,YOUNG FAMILIES,NORMAL,M,0.5
264161339,412,OLDER NO KIDS,BUDGET,H,0.84
264210303,412,YOUNG FAMILIES,NORMAL,H,0.76
264377822,412,OLDER NO KIDS,BUDGET,M,0.73
264823832,412,NEW FAMILIES,NORMAL,H,0.75
264947364,411,OLDER FAMILIES,PREMIUM,M,0.52
266212329,409,YOUNG FAMILIES,NORMAL,H,0.68
266898800,408,YOUNG FAMILIES,PREMIUM,M,0.53
267024943,408,YOUNG NO KIDS,PREMIUM,L,0.28
267771333,407,OLDER FAMILIES,NORMAL,H,0.76
269226352,405,YOUNG FAMILIES,BUDGET,H,0.57
269429804,404,YOUNG FAMILIES,PREMIUM,H,0.61
251555773,108,OLDER FAMILIES,NORMAL,H,0.79
251814644,107,YOUNG NO KIDS,BUDGET,M,0.63
252132469,105,YOUNG NO KIDS,NORMAL,H,0.7
252406526,104,YOUNG NO KIDS,NORMAL,H,0.66
252594638,104,UNKNOWN,UNKNOWN,H,0.85
252686677,103,YOUNG NO KIDS,PREMIUM,L,0.54
253269192,101,MIDAGE NO KIDS,PREMIUM,H,0.55
253287934,101,YOUNG NO KIDS,PREMIUM,H,0.7
253636669,100,YOUNG NO KIDS,PREMIUM,H,0.93
254314968,97,NEW FAMILIES,NORMAL,H,0.72
254384370,107,YOUNG NO KIDS,BUDGET,H,0.81
254458210,97,OLDER FAMILIES,PREMIUM,H,0.68
254917215,95,OLDER FAMILIES,BUDGET,H,0.86
255099916,94,RETIREES,PREMIUM,M,0.58
255243090,94,YOUNG NO KIDS,BUDGET,M,0.6
255606387,92,MIDAGE NO KIDS,BUDGET,L,0.6
255672116,92,OLDER FAMILIES,PREMIUM,L,0.31
255675562,92,UNKNOWN,UNKNOWN,M,0.58
255727216,108,YOUNG NO KIDS,PREMIUM,H,0.69
255782687,92,OLDER FAMILIES,NORMAL,H,0.65
256040313,91,YOUNG NO KIDS,PREMIUM,M,0.58
256073908,91,NEW FAMILIES,NORMAL,H,0.67
256076680,91,OLDER FAMILIES,NORMAL,H,0.81
256101486,91,OLDER FAMILIES,BUDGET,M,0.71
256136072,91,NEW FAMILIES,BUDGET,L,0.32
256177944,91,RETIREES,PREMIUM,M,0.58
256229530,90,NEW FAMILIES,PREMIUM,H,0.62
256276443,90,YOUNG NO KIDS,BUDGET,L,0.49
256291085,90,NEW FAMILIES,BUDGET,L,0.6
256456874,90,YOUNG FAMILIES,BUDGET,H,0.72
256655445,89,YOUNG FAMILIES,BUDGET,M,0.48
256711800,89,NEW FAMILIES,BUDGET,L,0.3
256924441,89,OLDER NO KIDS,PREMIUM,M,0.56
257009561,88,OLDER FAMILIES,BUDGET,H,0.76
257470270,87,YOUNG FAMILIES,PREMIUM,M,0.63
257633445,86,YOUNG FAMILIES,NORMAL,M,0.53
257936206,86,YOUNG FAMILIES,NORMAL,H,0.69
258073411,85,NEW FAMILIES,BUDGET,M,0.67
258139997,85,NEW FAMILIES,BUDGET,H,0.79
258256273,85,YOUNG FAMILIES,BUDGET,H,0.75
258256797,85,YOUNG NO KIDS,PREMIUM,M,0.7
258469826,84,NEW FAMILIES,BUDGET,M,0.53
258519850,84,YOUNG NO KIDS,NORMAL,L,0.41
258593158,84,YOUNG NO KIDS,NORMAL,M,0.71
258756088,84,OLDER NO KIDS,NORMAL,M,0.6
258792767,83,OLDER NO KIDS,PREMIUM,L,0.11
259204693,83,OLDER NO KIDS,NORMAL,M,0.36
259401583,85,YOUNG NO KIDS,BUDGET,H,0.76
259914876,88,YOUNG NO KIDS,PREMIUM,M,0.47
260210831,80,RETIREES,NORMAL,M,0.83
260355030,79,OLDER FAMILIES,NORMAL,H,0.69
260978932,78,YOUNG NO KIDS,PREMIUM,H,0.89
261024743,77,RETIREES,BUDGET,M,0.7
261048547,77,OLDER FAMILIES,PREMIUM,H,0.55
261085094,90,YOUNG NO KIDS,PREMIUM,H,0.66
261398417,77,NEW FAMILIES,NORMAL,H,0.65
261703135,76,YOUNG NO KIDS,NORMAL,M,0.82
262155428,76,YOUNG NO KIDS,PREMIUM,H,0.73
262561316,75,YOUNG FAMILIES,BUDGET,M,0.31
262604455,75,YOUNG NO KIDS,NORMAL,M,0.57
262775925,75,OLDER FAMILIES,NORMAL,H,0.34
262962896,74,UNKNOWN,UNKNOWN,L,0.34
262991870,74,YOUNG FAMILIES,NORMAL,H,0.66
264070355,73,YOUNG NO KIDS,NORMAL,H,0.46
264153839,73,YOUNG NO KIDS,PREMIUM,M,0.58
264460997,72,YOUNG NO KIDS,NORMAL,M,0.28
265368680,71,YOUNG NO KIDS,BUDGET,L,0.26
265441812,71,MIDAGE NO KIDS,BUDGET,L,0.31
265747578,70,OLDER FAMILIES,PREMIUM,H,0.86
266059337,70,UNKNOWN,UNKNOWN,M,0.6
266125088,70,YOUNG NO KIDS,PREMIUM,H,0.71
266274853,69,MIDAGE NO KIDS,PREMIUM,L,0.39
266305707,69,OLDER FAMILIES,NORMAL,H,0.75
266546921,69,OLDER FAMILIES,BUDGET,H,0.86
266621201,69,RETIREES,PREMIUM,L,0.14
266622230,69,YOUNG FAMILIES,BUDGET,H,0.66
266632684,69,YOUNG NO KIDS,BUDGET,M,0.47
266962281,68,OLDER FAMILIES,BUDGET,M,0.44
267144977,68,MIDAGE NO KIDS,PREMIUM,M,0.36
267264378,67,OLDER FAMILIES,BUDGET,H,0.83
267340104,67,UNKNOWN,UNKNOWN,H,0.78
267355934,67,UNKNOWN,UNKNOWN,H,0.76
268025879,66,OLDER FAMILIES,NORMAL,L,0.15
268292256,65,UNKNOWN,UNKNOWN,L,0.61
269149676,63,OLDER FAMILIES,PREMIUM,M,0.75
269958932,62,OLDER NO KIDS,PREMIUM,M,0.4
270447485,61,YOUNG FAMILIES,PREMIUM,M,0.72
270477665,61,YOUNG NO KIDS,PREMIUM,M,0.62
270576404,61,OLDER FAMILIES,PREMIUM,M,0.63
270702101,61,MIDAGE NO KIDS,NORMAL,H,0.69
270814494,61,YOUNG NO KIDS,BUDGET,M,0.72
270889696,61,RETIREES,NORMAL,L,0.38
270996438,61,OLDER FAMILIES,BUDGET,H,0.79
271209952,60,YOUNG NO KIDS,NORMAL,M,0.5
271778599,59,YOUNG FAMILIES,NORMAL,M,0.31
272105851,59,MIDAGE NO KIDS,PREMIUM,L,0.53
273749587,57,RETIREES,BUDGET,L,0.74
274311774,56,YOUNG FAMILIES,NORMAL,H,0.85
274314720,56,YOUNG FAMILIES,BUDGET,H,0.85
275523427,54,OLDER FAMILIES,NORMAL,H,0.42
276268180,53,YOUNG NO KIDS,BUDGET,H,0.69
276272282,53,OLDER NO KIDS,NORMAL,M,0.5
276371106,53,YOUNG NO KIDS,PREMIUM,M,0.81
276457420,52,OLDER FAMILIES,BUDGET,H,0.64
276849632,52,OLDER FAMILIES,PREMIUM,H,0.68
277205463,51,OLDER NO KIDS,NORMAL,M,0.71
277295086,51,OLDER NO KIDS,BUDGET,M,0.61
277306776,51,YOUNG NO KIDS,NORMAL,H,0.66
277503564,51,OLDER NO KIDS,NORMAL,L,0.35
277717278,51,OLDER FAMILIES,BUDGET,H,0.91
122057794,584,RETIREES,NORMAL,H,0.85
122070529,584,OLDER NO KIDS,PREMIUM,H,0.68
122072317,584,RETIREES,BUDGET,L,0.44
122101840,584,RETIREES,PREMIUM,M,0.9
122103112,584,OLDER FAMILIES,BUDGET,M,0.59
122106748,584,YOUNG FAMILIES,PREMIUM,M,0.44
122108199,584,OLDER NO KIDS,BUDGET,M,0.42
122113835,584,RETIREES,BUDGET,H,0.8
122122142,584,OLDER NO KIDS,BUDGET,M,0.44
122124639,584,RETIREES,NORMAL,H,0.84
122130240,584,MIDAGE NO KIDS,BUDGET,H,0.83
122135334,584,RETIREES,BUDGET,M,0.8
122146238,584,OLDER NO KIDS,PREMIUM,H,0.74
122149980,584,RETIREES,NORMAL,L,0.3
122158381,584,YOUNG FAMILIES,BUDGET,H,0.57
122158719,584,RETIREES,NORMAL,M,0.63
122164061,584,OLDER FAMILIES,BUDGET,H,0.76
122166143,584,OLDER FAMILIES,PREMIUM,H,0.69
122169401,584,RETIREES,BUDGET,M,0.62
122174513,584,OLDER FAMILIES,BUDGET,H,0.78
122180682,584,OLDER NO KIDS,BUDGET,M,0.46
122182700,583,OLDER NO KIDS,NORMAL,H,0.75
122184911,583,RETIREES,BUDGET,L,0.42
122185293,583,RETIREES,NORMAL,M,0.79
122189796,583,RETIREES,NORMAL,L,0.78
122192367,583,NEW FAMILIES,BUDGET,H,0.75
122193452,583,RETIREES,NORMAL,H,0.83
122197424,583,MIDAGE NO KIDS,NORMAL,M,0.75
122213948,583,OLDER NO KIDS,PREMIUM,M,0.63
122222756,583,OLDER NO KIDS,PREMIUM,L,0.46
122227477,583,MIDAGE NO KIDS,NORMAL,L,0.36
122258266,583,OLDER FAMILIES,PREMIUM,H,0.72
122269012,583,YOUNG FAMILIES,NORMAL,M,0.56
122272292,583,RETIREES,PREMIUM,L,0.2
122278525,583,RETIREES,PREMIUM,M,0.72
122283266,583,OLDER FAMILIES,PREMIUM,H,0.67
122283837,583,OLDER NO KIDS,NORMAL,M,0.6
122288943,583,RETIREES,NORMAL,H,0.78
122294441,583,RETIREES,PREMIUM,L,0.58
122297473,583,OLDER NO KIDS,NORMAL,L,0.25
122299429,583,YOUNG FAMILIES,NORMAL,H,0.53
122304311,583,OLDER NO KIDS,NORMAL,L,0.33
122313092,583,OLDER NO KIDS,NORMAL,M,0.47
122315103,583,OLDER FAMILIES,NORMAL,H,0.73
122317169,583,OLDER FAMILIES,NORMAL,M,0.29
122327889,583,YOUNG NO KIDS,BUDGET,H,0.82
122331797,583,OLDER FAMILIES,NORMAL,H,0.67
122351662,583,RETIREES,NORMAL,M,0.46
122352888,583,YOUNG FAMILIES,PREMIUM,M,0.54
122360337,583,OLDER FAMILIES,NORMAL,M,0.31
122371984,583,RETIREES,PREMIUM,L,0.2
122385933,582,OLDER NO KIDS,NORMAL,M,0.79
122390197,582,YOUNG FAMILIES,NORMAL,H,0.74
122400487,582,MIDAGE NO KIDS,PREMIUM,L,0.11
122400894,582,OLDER FAMILIES,NORMAL,H,0.82
122401666,582,YOUNG NO KIDS,NORMAL,M,0.81
122408944,582,YOUNG FAMILIES,NORMAL,L,0.31
122409540,582,OLDER NO KIDS,BUDGET,L,0.33
122409585,582,MIDAGE NO KIDS,PREMIUM,L,0.24
122410771,582,OLDER FAMILIES,BUDGET,L,0.23
122411884,582,YOUNG FAMILIES,BUDGET,M,0.45
122414075,582,OLDER NO KIDS,PREMIUM,M,0.46
122415312,582,RETIREES,NORMAL,L,0.7
122427760,582,MIDAGE NO KIDS,BUDGET,L,0.5
122432055,582,RETIREES,NORMAL,L,0.31
122434653,582,RETIREES,BUDGET,H,0.57
122437595,582,RETIREES,BUDGET,L,0.49
122446524,582,YOUNG FAMILIES,NORMAL,M,0.75
122462357,582,YOUNG FAMILIES,BUDGET,M,0.61
122463982,582,OLDER NO KIDS,NORMAL,L,0.49
122472890,582,YOUNG FAMILIES,NORMAL,H,0.72
122474361,582,OLDER FAMILIES,NORMAL,H,0.68
122478352,582,OLDER NO KIDS,NORMAL,M,0.6
122483565,582,OLDER NO KIDS,NORMAL,H,0.76
122486623,582,OLDER NO KIDS,BUDGET,L,0.47
122489708,582,OLDER FAMILIES,PREMIUM,M,0.39
122509899,582,OLDER FAMILIES,BUDGET,M,0.64
122516332,582,RETIREES,PREMIUM,L,0.44
122516404,582,YOUNG NO KIDS,NORMAL,M,0.8
122538890,582,RETIREES,NORMAL,L,0.19
122541938,582,OLDER NO KIDS,NORMAL,M,0.41
122559175,582,MIDAGE NO KIDS,PREMIUM,L,0.37
122563738,582,OLDER FAMILIES,BUDGET,H,0.73
122567685,582,OLDER FAMILIES,BUDGET,H,0.66
122569757,582,OLDER NO KIDS,BUDGET,H,0.63
122590107,582,OLDER NO KIDS,NORMAL,H,0.76
122597289,582,RETIREES,PREMIUM,H,0.86
122599469,582,OLDER FAMILIES,NORMAL,M,0.46
122604665,582,RETIREES,NORMAL,M,0.79
122605381,582,RETIREES,NORMAL,L,0.59
122606203,582,OLDER NO KIDS,NORMAL,M,0.71
122606239,582,OLDER FAMILIES,NORMAL,H,0.7
122613746,582,YOUNG NO KIDS,PREMIUM,H,0.81
122640527,582,RETIREES,PREMIUM,H,0.73
122641768,581,RETIREES,PREMIUM,M,0.55
122659213,581,YOUNG FAMILIES,NORMAL,H,0.75
122674566,581,OLDER NO KIDS,NORMAL,M,0.49
122675208,581,YOUNG FAMILIES,PREMIUM,H,0.7
122675244,581,OLDER FAMILIES,NORMAL,H,0.87
122677149,581,YOUNG NO KIDS,NORMAL,M,0.91
122691017,581,OLDER NO KIDS,NORMAL,L,0.35
122704652,581,OLDER NO KIDS,BUDGET,M,0.5
122706229,581,RETIREES,BUDGET,H,0.84
122718795,581,YOUNG NO KIDS,NORMAL,H,0.86
122718999,581,RETIREES,NORMAL,H,0.9
122726223,581,YOUNG FAMILIES,BUDGET,M,0.6
122736318,581,OLDER FAMILIES,BUDGET,H,0.79
122748193,581,OLDER FAMILIES,BUDGET,M,0.69
122759972,581,RETIREES,PREMIUM,M,0.61
122761088,581,OLDER FAMILIES,NORMAL,H,0.69
122762922,581,OLDER FAMILIES,NORMAL,H,0.88
269484818,404,YOUNG NO KIDS,PREMIUM,M,0.71
269740203,404,YOUNG FAMILIES,NORMAL,M,0.38
270571332,402,NEW FAMILIES,PREMIUM,H,0.65
270829327,402,YOUNG NO KIDS,NORMAL,H,0.81
270908813,402,YOUNG FAMILIES,NORMAL,H,0.59
272009307,400,YOUNG FAMILIES,BUDGET,H,0.74
272163804,399,RETIREES,PREMIUM,M,0.62
272890397,398,MIDAGE NO KIDS,PREMIUM,H,0.67
273032868,398,YOUNG FAMILIES,NORMAL,H,0.72
273476573,397,OLDER FAMILIES,BUDGET,H,0.81
273488870,397,YOUNG FAMILIES,BUDGET,L,0.32
273701303,397,NEW FAMILIES,BUDGET,M,0.3
277514838,391,YOUNG NO KIDS,NORMAL,H,0.81
278415811,389,OLDER NO KIDS,NORMAL,M,0.7
278737820,389,OLDER FAMILIES,PREMIUM,H,0.73
279373839,388,OLDER NO KIDS,NORMAL,H,0.78
279902873,387,OLDER FAMILIES,PREMIUM,H,0.68
281614298,385,MIDAGE NO KIDS,BUDGET,M,0.81
283044828,384,NEW FAMILIES,NORMAL,H,0.84
283586308,382,YOUNG FAMILIES,PREMIUM,H,0.74
283803902,382,OLDER NO KIDS,NORMAL,M,0.37
284162350,381,NEW FAMILIES,PREMIUM,H,0.81
284395801,380,YOUNG FAMILIES,PREMIUM,L,0.24
284669799,379,OLDER FAMILIES,NORMAL,H,0.41
284858189,378,YOUNG FAMILIES,BUDGET,H,0.84
285302299,377,YOUNG FAMILIES,NORMAL,M,0.41
285611317,376,OLDER NO KIDS,PREMIUM,M,0.59
285789810,376,YOUNG FAMILIES,PREMIUM,H,0.65
286161847,375,NEW FAMILIES,NORMAL,H,0.74
286211834,375,OLDER NO KIDS,BUDGET,M,0.75
286228825,375,NEW FAMILIES,NORMAL,M,0.53
286314880,374,MIDAGE NO KIDS,BUDGET,H,0.62
286343340,374,OLDER FAMILIES,BUDGET,M,0.49
286555317,374,MIDAGE NO KIDS,PREMIUM,M,0.62
286633842,373,RETIREES,PREMIUM,H,0.82
286706419,373,YOUNG NO KIDS,BUDGET,H,0.72
286924801,373,NEW FAMILIES,PREMIUM,L,0.19
286972802,373,RETIREES,NORMAL,H,0.88
286985658,373,YOUNG FAMILIES,BUDGET,M,0.41
287055344,372,RETIREES,PREMIUM,M,0.79
287381807,372,YOUNG FAMILIES,PREMIUM,M,0.54
287395479,372,RETIREES,NORMAL,M,0.75
287553856,371,RETIREES,PREMIUM,M,0.73
288137798,371,OLDER FAMILIES,NORMAL,H,0.81
288214338,370,OLDER FAMILIES,NORMAL,M,0.55
288837811,370,OLDER NO KIDS,NORMAL,H,0.66
288955979,370,OLDER FAMILIES,NORMAL,H,0.72
289075372,370,OLDER NO KIDS,NORMAL,M,0.65
289161806,369,RETIREES,NORMAL,L,0.46
289681015,369,YOUNG FAMILIES,PREMIUM,L,0.34
289861801,368,YOUNG FAMILIES,BUDGET,H,0.78
289998800,368,YOUNG FAMILIES,PREMIUM,L,0.34
290069335,368,MIDAGE NO KIDS,PREMIUM,M,0.7
290433810,367,OLDER FAMILIES,BUDGET,H,0.76
290608309,367,RETIREES,NORMAL,M,0.74
291847300,365,YOUNG NO KIDS,NORMAL,H,0.76
292264329,365,OLDER NO KIDS,PREMIUM,L,0.48
292538879,364,YOUNG FAMILIES,NORMAL,M,0.68
292849858,364,YOUNG FAMILIES,NORMAL,H,0.78
292976301,364,OLDER NO KIDS,PREMIUM,H,0.69
293136833,363,RETIREES,NORMAL,L,0.35
293327800,363,OLDER FAMILIES,NORMAL,M,0.4
293329378,363,NEW FAMILIES,PREMIUM,M,0.44
293946388,362,MIDAGE NO KIDS,BUDGET,L,0.41
294498317,361,NEW FAMILIES,NORMAL,H,0.82
294606299,361,MIDAGE NO KIDS,NORMAL,H,0.7
295597307,360,YOUNG FAMILIES,PREMIUM,M,0.52
295799310,360,OLDER NO KIDS,PREMIUM,M,0.66
296071806,359,NEW FAMILIES,NORMAL,H,0.83
296914802,358,OLDER FAMILIES,BUDGET,H,0.6
298272314,357,RETIREES,BUDGET,M,0.8
298495303,357,OLDER FAMILIES,BUDGET,M,0.69
298639818,357,YOUNG FAMILIES,PREMIUM,M,0.51
298946314,357,OLDER FAMILIES,BUDGET,M,0.57
299776318,356,OLDER FAMILIES,BUDGET,H,0.78
300222080,355,OLDER NO KIDS,PREMIUM,M,0.56
300824814,354,OLDER FAMILIES,NORMAL,M,0.41
300824831,354,OLDER FAMILIES,PREMIUM,H,0.72
300826823,354,OLDER FAMILIES,PREMIUM,H,0.75
300978822,353,YOUNG FAMILIES,NORMAL,H,0.58
301157805,353,YOUNG FAMILIES,BUDGET,H,0.67
301229302,353,YOUNG FAMILIES,NORMAL,H,0.47
301265815,353,OLDER NO KIDS,NORMAL,M,0.29
302115867,352,OLDER FAMILIES,NORMAL,M,0.68
302943839,350,MIDAGE NO KIDS,PREMIUM,M,0.53
303091814,350,YOUNG FAMILIES,NORMAL,H,0.67
303209798,349,NEW FAMILIES,BUDGET,M,0.59
303368310,349,NEW FAMILIES,NORMAL,L,0.3
304369813,347,RETIREES,NORMAL,M,0.6
304552307,345,RETIREES,BUDGET,M,0.58
304565619,345,YOUNG NO KIDS,BUDGET,H,0.99
304579037,344,OLDER FAMILIES,BUDGET,H,0.64
304590382,344,MIDAGE NO KIDS,NORMAL,L,0.19
304640473,342,NEW FAMILIES,PREMIUM,H,0.77
304644648,342,RETIREES,PREMIUM,M,0.68
304648887,342,MIDAGE NO KIDS,BUDGET,L,0.36
304665514,341,YOUNG NO KIDS,PREMIUM,L,0.65
304674526,341,OLDER FAMILIES,BUDGET,H,0.61
304702766,340,OLDER NO KIDS,BUDGET,M,0.32
304707325,340,OLDER NO KIDS,NORMAL,H,0.81
304753160,338,OLDER FAMILIES,NORMAL,L,0.48
304758982,338,MIDAGE NO KIDS,BUDGET,M,0.55
304843000,335,OLDER FAMILIES,NORMAL,H,0.84
304853303,335,OLDER NO KIDS,NORMAL,H,0.6
304859987,335,OLDER FAMILIES,BUDGET,H,0.64
304871527,334,OLDER FAMILIES,NORMAL,H,0.81
304876978,334,OLDER NO KIDS,PREMIUM,H,0.81
304883732,334,RETIREES,PREMIUM,H,0.87
304886192,334,OLDER FAMILIES,NORMAL,H,0.82
304889611,334,RETIREES,PREMIUM,M,0.72
122763684,581,OLDER FAMILIES,NORMAL,H,0.76
122769660,581,RETIREES,NORMAL,H,0.62
122775320,581,YOUNG NO KIDS,PREMIUM,H,0.69
122782333,581,OLDER NO KIDS,NORMAL,H,0.84
122792360,581,OLDER FAMILIES,NORMAL,H,0.73
122794946,581,RETIREES,BUDGET,H,0.79
122813172,581,OLDER FAMILIES,PREMIUM,H,0.78
122813254,581,RETIREES,NORMAL,L,0.14
122823583,581,OLDER NO KIDS,BUDGET,H,0.53
122825993,581,OLDER FAMILIES,BUDGET,H,0.72
122850204,581,YOUNG NO KIDS,PREMIUM,M,0.72
122863372,581,RETIREES,BUDGET,M,0.52
122870005,581,OLDER FAMILIES,BUDGET,H,0.83
122877443,581,OLDER NO KIDS,BUDGET,H,0.72
122883916,581,OLDER NO KIDS,NORMAL,M,0.64
122893888,581,YOUNG NO KIDS,BUDGET,H,0.8
122899336,581,OLDER FAMILIES,NORMAL,H,0.92
122906484,581,OLDER FAMILIES,PREMIUM,H,0.86
122923728,581,YOUNG FAMILIES,PREMIUM,M,0.52
122930996,581,RETIREES,BUDGET,L,0.48
122938135,581,MIDAGE NO KIDS,PREMIUM,L,0.42
122941220,581,YOUNG NO KIDS,PREMIUM,H,0.68
122943408,581,RETIREES,NORMAL,H,0.69
122943595,581,OLDER FAMILIES,PREMIUM,M,0.51
122955827,581,MIDAGE NO KIDS,BUDGET,M,0.57
122957536,581,OLDER FAMILIES,NORMAL,H,0.63
122960771,581,OLDER NO KIDS,PREMIUM,L,0.31
122965396,581,OLDER FAMILIES,BUDGET,H,0.74
122970262,581,YOUNG FAMILIES,NORMAL,H,0.77
122972671,581,RETIREES,BUDGET,M,0.55
122978808,580,OLDER NO KIDS,NORMAL,M,0.59
122981326,580,RETIREES,PREMIUM,M,0.54
122982558,580,OLDER FAMILIES,BUDGET,H,0.75
122986955,580,YOUNG FAMILIES,PREMIUM,H,0.71
122993301,580,OLDER NO KIDS,PREMIUM,L,0.45
122996151,580,OLDER FAMILIES,BUDGET,M,0.47
123002525,580,OLDER NO KIDS,NORMAL,L,0.6
123004905,580,NEW FAMILIES,BUDGET,H,0.68
123008337,580,RETIREES,NORMAL,L,0.5
123011478,580,OLDER FAMILIES,BUDGET,H,0.69
123012332,580,OLDER NO KIDS,PREMIUM,H,0.61
123026815,580,OLDER FAMILIES,BUDGET,M,0.64
123035278,580,OLDER FAMILIES,PREMIUM,H,0.76
123047765,580,RETIREES,NORMAL,M,0.45
123051306,580,OLDER FAMILIES,BUDGET,M,0.61
123066873,580,YOUNG FAMILIES,PREMIUM,H,0.63
123071405,580,YOUNG FAMILIES,PREMIUM,H,0.78
123072158,580,YOUNG FAMILIES,NORMAL,M,0.37
123072418,580,RETIREES,BUDGET,M,0.64
123077421,580,OLDER NO KIDS,BUDGET,M,0.47
123121078,580,RETIREES,PREMIUM,M,0.62
123123810,580,YOUNG FAMILIES,PREMIUM,M,0.39
123143831,580,RETIREES,BUDGET,L,0.48
123162908,580,OLDER NO KIDS,BUDGET,H,0.77
123164276,580,RETIREES,BUDGET,M,0.75
123166675,580,NEW FAMILIES,NORMAL,H,0.77
123179385,580,RETIREES,NORMAL,M,0.81
123180570,580,OLDER NO KIDS,NORMAL,H,0.86
123215181,579,YOUNG FAMILIES,BUDGET,H,0.7
123242612,579,RETIREES,NORMAL,M,0.59
123269882,579,RETIREES,BUDGET,L,0.4
123280183,579,RETIREES,NORMAL,M,0.88
123292945,579,RETIREES,BUDGET,H,0.76
123297186,579,YOUNG NO KIDS,BUDGET,H,0.77
123310759,579,RETIREES,PREMIUM,L,0.7
123315663,579,OLDER FAMILIES,NORMAL,M,0.7
123322902,579,OLDER FAMILIES,BUDGET,H,0.66
123334041,578,OLDER FAMILIES,NORMAL,H,0.78
123371755,578,RETIREES,PREMIUM,H,0.84
123373162,578,OLDER NO KIDS,PREMIUM,M,0.52
123381056,578,OLDER FAMILIES,NORMAL,H,0.79
123396171,578,OLDER NO KIDS,PREMIUM,H,0.74
123396399,578,UNKNOWN,UNKNOWN,L,0.31
123396947,578,YOUNG FAMILIES,NORMAL,M,0.52
123402799,578,YOUNG NO KIDS,NORMAL,M,0.54
123404129,578,YOUNG FAMILIES,NORMAL,H,0.66
123410911,578,OLDER FAMILIES,BUDGET,M,0.69
123411053,578,OLDER NO KIDS,BUDGET,M,0.53
123421048,578,OLDER NO KIDS,NORMAL,M,0.54
123429990,578,YOUNG FAMILIES,NORMAL,M,0.39
123433690,578,YOUNG FAMILIES,BUDGET,M,0.55
123435197,578,RETIREES,PREMIUM,L,0.29
123438583,578,RETIREES,PREMIUM,M,0.69
123446021,578,OLDER NO KIDS,PREMIUM,H,0.74
123463430,577,RETIREES,PREMIUM,L,0.51
123464148,577,OLDER FAMILIES,BUDGET,M,0.57
123505138,577,RETIREES,BUDGET,L,0.52
123532598,577,RETIREES,NORMAL,L,0.53
123552834,577,OLDER NO KIDS,NORMAL,M,0.54
123566102,577,RETIREES,NORMAL,H,0.78
123572326,577,OLDER FAMILIES,NORMAL,M,0.57
123577021,577,RETIREES,PREMIUM,L,0.34
123582315,577,OLDER NO KIDS,PREMIUM,M,0.67
123590150,576,YOUNG FAMILIES,NORMAL,H,0.87
123594930,576,RETIREES,PREMIUM,L,0.52
123613344,576,RETIREES,BUDGET,L,0.27
123633407,576,YOUNG FAMILIES,BUDGET,H,0.56
123642902,575,YOUNG NO KIDS,NORMAL,H,0.76
123663091,575,OLDER FAMILIES,PREMIUM,H,0.67
123680072,575,OLDER FAMILIES,NORMAL,H,0.81
123688008,574,RETIREES,PREMIUM,M,0.75
123688852,574,OLDER NO KIDS,NORMAL,L,0.29
123702855,574,OLDER FAMILIES,NORMAL,H,0.72
123731336,573,NEW FAMILIES,NORMAL,H,0.76
123739103,573,RETIREES,PREMIUM,M,0.68
123740657,573,RETIREES,PREMIUM,H,0.82
123743036,573,OLDER NO KIDS,BUDGET,H,0.75
123745478,573,YOUNG FAMILIES,NORMAL,H,0.78
123747133,573,OLDER FAMILIES,NORMAL,H,0.86
123750912,573,OLDER FAMILIES,PREMIUM,H,0.67
123771136,572,OLDER FAMILIES,NORMAL,H,0.73
123774037,572,OLDER FAMILIES,BUDGET,H,0.8
304902130,333,OLDER FAMILIES,BUDGET,L,0.2
304926530,332,NEW FAMILIES,PREMIUM,H,0.73
304942056,332,RETIREES,PREMIUM,H,0.58
305044126,328,OLDER NO KIDS,NORMAL,L,0.5
305056676,327,NEW FAMILIES,BUDGET,H,0.79
305058480,327,YOUNG FAMILIES,PREMIUM,H,0.82
305064564,327,YOUNG FAMILIES,NORMAL,H,0.82
305065320,327,YOUNG NO KIDS,PREMIUM,L,0.52
305651628,324,OLDER FAMILIES,NORMAL,H,0.8
305658586,324,RETIREES,PREMIUM,M,0.6
305658691,324,YOUNG FAMILIES,BUDGET,M,0.62
305744138,323,OLDER FAMILIES,BUDGET,M,0.54
305750487,323,OLDER FAMILIES,NORMAL,H,0.75
306056384,322,RETIREES,NORMAL,H,0.78
306186727,321,RETIREES,BUDGET,H,0.71
306202209,321,YOUNG FAMILIES,NORMAL,H,0.87
306282491,320,RETIREES,PREMIUM,M,0.51
306352284,319,OLDER NO KIDS,PREMIUM,M,0.43
306455072,318,NEW FAMILIES,NORMAL,H,0.8
306480871,318,YOUNG NO KIDS,BUDGET,M,0.7
306500024,317,YOUNG FAMILIES,NORMAL,H,0.84
306528295,317,RETIREES,NORMAL,H,0.75
306584074,317,RETIREES,NORMAL,L,0.41
306641585,317,OLDER NO KIDS,PREMIUM,M,0.75
306641802,317,OLDER FAMILIES,NORMAL,H,0.92
306666813,316,OLDER NO KIDS,PREMIUM,M,0.61
306698752,316,OLDER NO KIDS,BUDGET,M,0.7
306702181,316,OLDER FAMILIES,BUDGET,H,0.88
306824414,315,YOUNG FAMILIES,PREMIUM,H,0.79
306851504,315,OLDER FAMILIES,BUDGET,H,0.85
307241105,313,RETIREES,NORMAL,H,0.86
307423605,311,RETIREES,NORMAL,H,0.64
307462804,311,YOUNG NO KIDS,PREMIUM,M,0.65
307465063,311,OLDER FAMILIES,NORMAL,M,0.38
307721116,309,OLDER NO KIDS,NORMAL,M,0.83
307773875,308,YOUNG FAMILIES,BUDGET,L,0.33
308037127,307,MIDAGE NO KIDS,PREMIUM,M,0.5
308055351,306,RETIREES,PREMIUM,H,0.81
308099457,306,YOUNG FAMILIES,BUDGET,M,0.61
308183407,305,OLDER NO KIDS,BUDGET,H,0.7
308361919,304,YOUNG NO KIDS,NORMAL,L,0.46
308408005,304,RETIREES,NORMAL,M,0.63
308557836,303,OLDER NO KIDS,PREMIUM,H,0.64
308703381,301,OLDER FAMILIES,PREMIUM,H,0.78
308768860,301,YOUNG NO KIDS,PREMIUM,L,0.52
308813756,301,YOUNG FAMILIES,BUDGET,M,0.55
308904205,300,YOUNG NO KIDS,PREMIUM,L,0.52
308923411,300,OLDER FAMILIES,BUDGET,M,0.54
309068243,299,RETIREES,NORMAL,M,0.75
309145553,298,OLDER FAMILIES,BUDGET,H,0.87
309291974,297,OLDER NO KIDS,NORMAL,L,0.48
309292457,297,MIDAGE NO KIDS,PREMIUM,M,0.81
309664233,295,YOUNG FAMILIES,BUDGET,L,0.32
309685627,295,YOUNG FAMILIES,BUDGET,H,0.7
309762168,294,OLDER NO KIDS,NORMAL,M,0.27
309787056,294,YOUNG NO KIDS,NORMAL,M,0.65
309844074,294,RETIREES,NORMAL,M,0.8
309932944,293,OLDER FAMILIES,NORMAL,H,0.6
310176540,292,OLDER NO KIDS,NORMAL,H,0.79
310212098,292,OLDER NO KIDS,NORMAL,H,0.74
310308969,291,YOUNG FAMILIES,BUDGET,H,0.64
310609713,289,RETIREES,NORMAL,H,0.72
310688260,288,RETIREES,BUDGET,M,0.67
310695018,288,RETIREES,BUDGET,L,0.36
310794260,287,OLDER NO KIDS,BUDGET,M,0.62
310902138,287,RETIREES,BUDGET,M,0.81
310921671,286,MIDAGE NO KIDS,NORMAL,L,0.4
310953983,286,RETIREES,PREMIUM,M,0.28
310996927,286,OLDER NO KIDS,BUDGET,M,0.39
311120085,285,OLDER NO KIDS,PREMIUM,M,0.54
311153276,285,OLDER FAMILIES,BUDGET,M,0.66
311235649,284,YOUNG NO KIDS,BUDGET,H,0.77
311375349,284,YOUNG FAMILIES,NORMAL,L,0.44
311414452,283,YOUNG FAMILIES,NORMAL,H,0.86
311415814,283,YOUNG FAMILIES,BUDGET,H,0.73
311528942,283,RETIREES,NORMAL,M,0.44
311575130,283,OLDER NO KIDS,PREMIUM,L,0.45
311671058,282,OLDER NO KIDS,BUDGET,M,0.71
311685521,282,YOUNG FAMILIES,BUDGET,H,0.83
311692402,282,YOUNG FAMILIES,BUDGET,H,0.87
311731061,281,RETIREES,NORMAL,M,0.55
311741522,281,RETIREES,PREMIUM,M,0.36
311839145,281,YOUNG NO KIDS,PREMIUM,M,0.67
311858315,281,OLDER FAMILIES,BUDGET,H,0.84
312324313,279,OLDER NO KIDS,NORMAL,M,0.66
312384172,279,MIDAGE NO KIDS,PREMIUM,M,0.7
312416268,279,OLDER FAMILIES,BUDGET,H,0.45
312711652,276,YOUNG NO KIDS,PREMIUM,L,0.41
312771242,275,OLDER FAMILIES,BUDGET,H,0.65
312854541,275,NEW FAMILIES,BUDGET,H,0.65
312872553,275,MIDAGE NO KIDS,PREMIUM,H,0.7
312894098,274,OLDER NO KIDS,NORMAL,L,0.18
314015815,274,OLDER NO KIDS,NORMAL,H,0.72
314132016,267,RETIREES,BUDGET,M,0.59
314199058,266,YOUNG FAMILIES,BUDGET,M,0.52
314200724,266,YOUNG NO KIDS,PREMIUM,H,0.86
314302991,265,RETIREES,NORMAL,M,0.68
314588721,264,YOUNG FAMILIES,BUDGET,H,0.58
314732622,263,MIDAGE NO KIDS,PREMIUM,M,0.53
314806272,283,OLDER FAMILIES,BUDGET,H,0.81
314809041,262,YOUNG FAMILIES,NORMAL,M,0.59
314836100,262,YOUNG FAMILIES,NORMAL,L,0.17
314857065,283,YOUNG FAMILIES,BUDGET,H,0.83
315123185,283,YOUNG NO KIDS,PREMIUM,L,0.81
315396755,261,OLDER FAMILIES,BUDGET,H,0.79
315397388,283,YOUNG FAMILIES,NORMAL,H,0.5
315574042,261,OLDER FAMILIES,PREMIUM,H,0.85
315658096,261,YOUNG FAMILIES,BUDGET,H,0.78
315817535,260,MIDAGE NO KIDS,NORMAL,L,0.34
315887188,268,RETIREES,BUDGET,H,0.79
315890315,260,YOUNG FAMILIES,BUDGET,H,0.56
123793008,572,YOUNG FAMILIES,BUDGET,M,0.75
123795671,572,OLDER NO KIDS,NORMAL,L,0.23
123808109,571,OLDER FAMILIES,BUDGET,L,0.34
123808111,571,OLDER NO KIDS,BUDGET,H,0.75
123810815,571,YOUNG FAMILIES,NORMAL,M,0.47
123813422,571,RETIREES,NORMAL,H,0.68
123813743,571,OLDER NO KIDS,NORMAL,H,0.81
123833100,571,OLDER FAMILIES,BUDGET,H,0.9
123833299,571,RETIREES,NORMAL,H,0.57
123845396,570,YOUNG FAMILIES,BUDGET,M,0.39
123889509,569,MIDAGE NO KIDS,PREMIUM,M,0.55
123894956,569,OLDER FAMILIES,BUDGET,M,0.63
123899135,569,OLDER NO KIDS,PREMIUM,H,0.43
123903272,569,RETIREES,NORMAL,M,0.48
123906076,569,RETIREES,PREMIUM,H,0.79
123915657,568,OLDER NO KIDS,BUDGET,M,0.43
123919423,568,MIDAGE NO KIDS,PREMIUM,M,0.45
123920680,568,OLDER NO KIDS,PREMIUM,L,0.57
123921760,568,NEW FAMILIES,NORMAL,H,0.66
123928264,568,YOUNG FAMILIES,NORMAL,L,0.14
123930599,568,YOUNG NO KIDS,PREMIUM,H,0.73
123931842,568,YOUNG FAMILIES,NORMAL,H,0.49
123940120,567,OLDER FAMILIES,BUDGET,H,0.76
123945533,567,OLDER NO KIDS,PREMIUM,L,0.39
123967519,566,YOUNG FAMILIES,BUDGET,L,0.5
123986394,565,OLDER FAMILIES,BUDGET,H,0.65
123997410,565,RETIREES,NORMAL,H,0.68
124002325,564,RETIREES,PREMIUM,M,0.6
124031354,563,OLDER FAMILIES,NORMAL,L,0.46
124048074,562,YOUNG FAMILIES,PREMIUM,M,0.65
124060649,561,RETIREES,PREMIUM,L,0.44
124065818,561,YOUNG FAMILIES,PREMIUM,H,0.82
124086840,560,OLDER NO KIDS,PREMIUM,H,0.76
124109793,558,YOUNG NO KIDS,NORMAL,H,0.76
124126630,558,OLDER FAMILIES,PREMIUM,M,0.62
124127584,558,OLDER NO KIDS,PREMIUM,H,0.61
124133876,557,OLDER NO KIDS,PREMIUM,H,0.6
124141670,557,YOUNG FAMILIES,BUDGET,H,0.67
124151254,556,OLDER NO KIDS,NORMAL,H,0.77
221379720,193,RETIREES,NORMAL,H,0.81
221412578,508,YOUNG FAMILIES,BUDGET,H,0.79
221453298,555,OLDER FAMILIES,NORMAL,H,0.9
221476692,555,OLDER FAMILIES,BUDGET,H,0.87
221477802,555,OLDER FAMILIES,PREMIUM,M,0.56
221480394,497,YOUNG FAMILIES,PREMIUM,H,0.87
221481318,554,NEW FAMILIES,NORMAL,H,0.61
221493706,554,OLDER FAMILIES,NORMAL,H,0.74
221497921,247,OLDER FAMILIES,NORMAL,H,0.81
221507818,553,OLDER NO KIDS,PREMIUM,M,0.33
221507889,553,RETIREES,PREMIUM,H,0.92
221515133,552,UNKNOWN,NORMAL,H,0.59
221517869,552,NEW FAMILIES,NORMAL,H,0.76
221525137,551,YOUNG FAMILIES,PREMIUM,M,0.53
221532108,551,YOUNG FAMILIES,NORMAL,H,0.83
221539694,550,OLDER FAMILIES,BUDGET,H,0.65
221545692,550,OLDER NO KIDS,BUDGET,L,0.65
221545922,550,OLDER NO KIDS,NORMAL,H,0.78
221546327,550,NEW FAMILIES,BUDGET,L,0.43
221597741,548,OLDER NO KIDS,PREMIUM,H,0.76
221610730,547,OLDER FAMILIES,BUDGET,L,0.31
221710334,545,OLDER NO KIDS,PREMIUM,H,0.74
221802733,544,YOUNG FAMILIES,BUDGET,M,0.61
221804152,544,MIDAGE NO KIDS,PREMIUM,M,0.32
221809521,544,RETIREES,NORMAL,M,0.57
221900686,543,OLDER FAMILIES,BUDGET,H,0.79
221910361,542,OLDER FAMILIES,BUDGET,H,0.83
221910540,542,OLDER FAMILIES,PREMIUM,M,0.4
221958696,542,OLDER FAMILIES,PREMIUM,H,0.69
222019968,540,OLDER FAMILIES,BUDGET,H,0.75
222030678,540,RETIREES,NORMAL,H,0.59
222066575,539,OLDER FAMILIES,BUDGET,M,0.55
222085855,539,RETIREES,NORMAL,L,0.26
222129726,538,OLDER NO KIDS,PREMIUM,H,0.87
222161331,537,YOUNG FAMILIES,PREMIUM,H,0.75
222180601,536,YOUNG FAMILIES,NORMAL,M,0.43
222216201,535,YOUNG FAMILIES,NORMAL,H,0.81
222236916,535,OLDER FAMILIES,BUDGET,M,0.45
222248153,534,OLDER FAMILIES,NORMAL,H,0.95
222254277,534,OLDER NO KIDS,BUDGET,M,0.79
222264766,534,RETIREES,NORMAL,M,0.51
222266670,533,RETIREES,NORMAL,H,0.74
222268014,533,YOUNG FAMILIES,BUDGET,H,0.74
222270341,533,OLDER FAMILIES,BUDGET,L,0.36
222274806,533,OLDER FAMILIES,PREMIUM,H,0.76
222275280,533,OLDER FAMILIES,BUDGET,H,0.83
222283443,532,YOUNG NO KIDS,PREMIUM,L,0.61
222300335,531,YOUNG NO KIDS,PREMIUM,L,0.48
222316341,530,YOUNG FAMILIES,NORMAL,H,0.7
222318975,530,YOUNG FAMILIES,BUDGET,H,0.84
222321609,530,YOUNG FAMILIES,BUDGET,H,0.82
222324688,530,OLDER NO KIDS,NORMAL,M,0.6
222331572,530,OLDER FAMILIES,BUDGET,H,0.8
222344482,529,YOUNG FAMILIES,NORMAL,M,0.66
222345516,529,MIDAGE NO KIDS,PREMIUM,H,0.75
222363866,529,OLDER NO KIDS,PREMIUM,H,0.8
222368498,528,YOUNG FAMILIES,BUDGET,M,0.52
222380267,528,OLDER NO KIDS,NORMAL,L,0.69
222386234,528,OLDER NO KIDS,NORMAL,M,0.73
222392667,528,OLDER FAMILIES,NORMAL,H,0.63
222406414,527,YOUNG FAMILIES,PREMIUM,H,0.66
222424006,527,YOUNG NO KIDS,BUDGET,H,0.64
222426448,527,YOUNG FAMILIES,NORMAL,L,0.28
222427914,527,OLDER FAMILIES,NORMAL,H,0.76
222428184,527,NEW FAMILIES,PREMIUM,H,0.68
222430401,527,OLDER NO KIDS,BUDGET,H,0.83
222431491,527,NEW FAMILIES,PREMIUM,H,0.67
222431806,527,OLDER FAMILIES,BUDGET,L,0.54
222444036,526,OLDER NO KIDS,BUDGET,M,0.32
222445110,526,OLDER FAMILIES,NORMAL,L,0.35
222451959,526,RETIREES,NORMAL,M,0.57
222453645,526,OLDER FAMILIES,NORMAL,M,0.53
222454365,526,RETIREES,NORMAL,M,0.43
222456225,526,RETIREES,NORMAL,L,0.5
222460697,526,NEW FAMILIES,PREMIUM,M,0.47
222463383,526,MIDAGE NO KIDS,BUDGET,L,0.21
222469740,526,OLDER FAMILIES,PREMIUM,H,0.93
222471570,526,RETIREES,NORMAL,L,0.68
222476862,526,OLDER FAMILIES,PREMIUM,H,0.77
222492488,526,OLDER NO KIDS,BUDGET,L,0.26
222494580,526,OLDER FAMILIES,BUDGET,M,0.6
222496043,526,OLDER NO KIDS,PREMIUM,H,0.65
222498379,526,OLDER FAMILIES,BUDGET,H,0.84
222504247,526,RETIREES,PREMIUM,L,0.31
222508983,526,OLDER NO KIDS,NORMAL,H,0.61
222513874,526,OLDER NO KIDS,NORMAL,H,0.75
222516869,526,OLDER FAMILIES,BUDGET,H,0.68
222533910,526,NEW FAMILIES,PREMIUM,H,0.7
222537804,525,OLDER FAMILIES,NORMAL,H,0.85
222538734,525,OLDER FAMILIES,BUDGET,H,0.72
222543569,525,OLDER FAMILIES,PREMIUM,M,0.35
222544289,525,OLDER NO KIDS,PREMIUM,M,0.56
222550431,525,RETIREES,NORMAL,L,0.55
222562495,525,OLDER NO KIDS,PREMIUM,H,0.69
222563972,525,OLDER FAMILIES,NORMAL,H,0.93
222569623,525,OLDER FAMILIES,NORMAL,M,0.5
222571900,525,YOUNG NO KIDS,BUDGET,M,0.62
222572368,525,RETIREES,NORMAL,L,0.35
222578494,525,RETIREES,BUDGET,M,0.74
222580468,248,OLDER NO KIDS,BUDGET,H,0.57
222583281,525,RETIREES,BUDGET,H,0.76
222595000,525,YOUNG FAMILIES,NORMAL,H,0.74
222615682,525,YOUNG FAMILIES,NORMAL,H,0.68
222629657,525,NEW FAMILIES,NORMAL,M,0.32
222633686,525,OLDER FAMILIES,PREMIUM,H,0.92
222636882,525,YOUNG FAMILIES,PREMIUM,H,0.86
222638403,525,OLDER FAMILIES,PREMIUM,H,0.75
222642887,525,OLDER NO KIDS,NORMAL,H,0.73
222648090,525,RETIREES,NORMAL,H,0.78
222659228,525,OLDER FAMILIES,PREMIUM,H,0.7
222671437,524,OLDER FAMILIES,PREMIUM,H,0.71
222680810,524,YOUNG FAMILIES,PREMIUM,H,0.62
222684852,524,YOUNG FAMILIES,PREMIUM,H,0.75
222685161,524,MIDAGE NO KIDS,NORMAL,H,0.69
222687411,524,YOUNG FAMILIES,NORMAL,H,0.85
222689049,524,OLDER FAMILIES,BUDGET,H,0.56
222690711,524,OLDER FAMILIES,BUDGET,H,0.73
222702440,524,OLDER FAMILIES,BUDGET,L,0.63
222719644,524,RETIREES,BUDGET,H,0.85
222723547,524,OLDER FAMILIES,NORMAL,H,0.59
222734261,524,RETIREES,BUDGET,M,0.75
222737640,524,RETIREES,PREMIUM,H,0.75
222742789,524,OLDER NO KIDS,NORMAL,M,0.4
222755202,524,YOUNG FAMILIES,PREMIUM,H,0.58
222776103,523,OLDER FAMILIES,PREMIUM,H,0.68
222776779,523,YOUNG FAMILIES,NORMAL,H,0.77
222777009,523,RETIREES,PREMIUM,H,0.87
222782240,523,YOUNG FAMILIES,NORMAL,H,0.58
222785803,523,OLDER FAMILIES,BUDGET,H,0.59
222785934,523,RETIREES,BUDGET,M,0.59
222790521,523,OLDER FAMILIES,PREMIUM,H,0.79
222799188,523,OLDER FAMILIES,PREMIUM,H,0.81
222809753,523,OLDER FAMILIES,NORMAL,H,0.57
222817372,523,YOUNG FAMILIES,BUDGET,H,0.8
222825523,523,YOUNG FAMILIES,NORMAL,H,0.79
222829776,523,OLDER FAMILIES,NORMAL,H,0.83
222830165,523,OLDER FAMILIES,PREMIUM,H,0.8
222832405,523,OLDER NO KIDS,PREMIUM,M,0.45
222844614,512,OLDER NO KIDS,PREMIUM,H,0.61
222848517,523,RETIREES,PREMIUM,H,0.82
222851669,523,OLDER FAMILIES,PREMIUM,L,0.32
222857482,523,OLDER NO KIDS,NORMAL,H,0.68
222866676,522,RETIREES,PREMIUM,M,0.7
222871907,522,RETIREES,BUDGET,L,0.38
222874323,522,OLDER FAMILIES,PREMIUM,H,0.68
222879425,522,RETIREES,PREMIUM,M,0.54
222882075,522,MIDAGE NO KIDS,NORMAL,H,0.72
222893631,522,RETIREES,PREMIUM,H,0.79
222914352,522,OLDER FAMILIES,PREMIUM,H,0.81
222922165,522,YOUNG FAMILIES,NORMAL,H,0.61
222934202,521,RETIREES,NORMAL,L,0.26
222940911,521,OLDER NO KIDS,BUDGET,M,0.52
222944445,521,OLDER FAMILIES,NORMAL,H,0.87
222954020,521,OLDER NO KIDS,PREMIUM,H,0.83
222959092,521,OLDER NO KIDS,BUDGET,L,0.34
222959185,521,YOUNG FAMILIES,BUDGET,H,0.65
222966073,521,OLDER NO KIDS,BUDGET,M,0.52
222970766,521,YOUNG FAMILIES,NORMAL,H,0.82
222977336,521,YOUNG NO KIDS,BUDGET,M,0.61
222989312,521,YOUNG FAMILIES,BUDGET,L,0.22
222989668,521,RETIREES,PREMIUM,H,0.81
223004463,521,OLDER NO KIDS,BUDGET,H,0.8
223010723,520,YOUNG FAMILIES,PREMIUM,H,0.81
223023784,520,RETIREES,NORMAL,M,0.89
223037358,520,RETIREES,NORMAL,L,0.39
223054591,520,RETIREES,PREMIUM,M,0.87
223083290,519,OLDER NO KIDS,NORMAL,H,0.66
223085991,519,YOUNG FAMILIES,PREMIUM,H,0.67
223096151,519,YOUNG FAMILIES,PREMIUM,H,0.78
223107597,519,NEW FAMILIES,BUDGET,M,0.66
223122540,519,YOUNG FAMILIES,BUDGET,M,0.5
223132474,519,YOUNG FAMILIES,BUDGET,H,0.87
223137953,518,RETIREES,PREMIUM,H,0.8
223140322,518,RETIREES,PREMIUM,H,0.84
223142112,518,OLDER FAMILIES,NORMAL,M,0.52
223152352,518,YOUNG FAMILIES,NORMAL,L,0.26
223156283,518,YOUNG NO KIDS,PREMIUM,L,0.44
223189231,518,YOUNG FAMILIES,BUDGET,M,0.27
223222598,517,OLDER NO KIDS,BUDGET,H,0.71
223236130,517,OLDER FAMILIES,BUDGET,H,0.67
223247281,516,OLDER NO KIDS,PREMIUM,H,0.75
223258922,516,OLDER NO KIDS,NORMAL,L,0.25
223275466,516,OLDER FAMILIES,NORMAL,H,0.69
223280210,516,OLDER NO KIDS,BUDGET,M,0.54
277864268,50,MIDAGE NO KIDS,PREMIUM,M,0.64
277870155,50,RETIREES,PREMIUM,H,0.82
278079622,50,UNKNOWN,UNKNOWN,M,0.48
278153366,50,YOUNG NO KIDS,NORMAL,H,0.89
278334019,50,YOUNG FAMILIES,BUDGET,M,0.45
279632471,48,YOUNG NO KIDS,BUDGET,M,0.52
280225044,47,OLDER FAMILIES,BUDGET,H,0.63
280317127,47,OLDER FAMILIES,NORMAL,H,0.74
280404950,47,MIDAGE NO KIDS,PREMIUM,H,0.79
280406458,47,YOUNG NO KIDS,NORMAL,H,0.81
281768055,45,NEW FAMILIES,NORMAL,H,0.85
281834854,45,YOUNG FAMILIES,PREMIUM,M,0.51
282281378,44,YOUNG FAMILIES,NORMAL,H,0.35
282602177,44,NEW FAMILIES,NORMAL,H,0.67
282607875,44,YOUNG NO KIDS,NORMAL,M,0.67
283418327,43,YOUNG NO KIDS,NORMAL,H,0.64
284033844,42,NEW FAMILIES,NORMAL,H,0.73
286229670,39,YOUNG FAMILIES,BUDGET,H,0.71
286868845,38,OLDER NO KIDS,PREMIUM,M,0.64
291279736,32,YOUNG NO KIDS,BUDGET,M,0.48
291547724,31,UNKNOWN,UNKNOWN,H,0.72
291780939,31,YOUNG FAMILIES,BUDGET,H,0.66
291821473,31,NEW FAMILIES,PREMIUM,H,0.6
292492966,30,MIDAGE NO KIDS,PREMIUM,M,0.36
293236643,29,YOUNG NO KIDS,NORMAL,M,0.55
293615425,28,YOUNG FAMILIES,PREMIUM,H,0.65
294229347,28,YOUNG NO KIDS,NORMAL,M,0.37
294328709,27,YOUNG NO KIDS,NORMAL,L,0.31
294843033,27,YOUNG NO KIDS,PREMIUM,L,0.15
295705950,26,MIDAGE NO KIDS,NORMAL,H,0.56
296422451,25,OLDER NO KIDS,NORMAL,L,0.14
296461734,25,OLDER NO KIDS,NORMAL,H,0.72
296660731,24,YOUNG FAMILIES,NORMAL,M,0.59
296821746,33,OLDER FAMILIES,BUDGET,H,0.72
2423250003,16,MIDAGE NO KIDS,NORMAL,H,0.6
2423283661,24,YOUNG FAMILIES,BUDGET,H,0.46
2423297210,23,YOUNG NO KIDS,PREMIUM,L,0.48
2423300462,23,MIDAGE NO KIDS,BUDGET,H,0.78
2423340279,21,YOUNG NO KIDS,PREMIUM,L,0.29
2423347418,21,RETIREES,BUDGET,L,0.4
2423396041,19,YOUNG NO KIDS,UNKNOWN,M,0.43
2423400792,19,YOUNG NO KIDS,PREMIUM,M,0.52
2423416213,18,OLDER FAMILIES,NORMAL,H,0.79
2423418953,18,YOUNG FAMILIES,BUDGET,H,0.64
2423421997,18,RETIREES,PREMIUM,M,0.6
2423473071,16,YOUNG NO KIDS,NORMAL,L,0.26
2423474424,16,YOUNG NO KIDS,NORMAL,M,0.55
2423482955,16,OLDER FAMILIES,BUDGET,L,0.44
2423488007,15,UNKNOWN,PREMIUM,M,0.53
316007980,283,NEW FAMILIES,NORMAL,H,0.71
316090097,283,YOUNG NO KIDS,NORMAL,M,0.85
316442114,259,OLDER FAMILIES,PREMIUM,H,0.82
316497666,283,YOUNG FAMILIES,BUDGET,H,0.52
316602064,259,YOUNG FAMILIES,BUDGET,H,0.78
316687363,258,YOUNG FAMILIES,BUDGET,M,0.55
317171977,257,OLDER NO KIDS,NORMAL,H,0.66
317583684,254,YOUNG FAMILIES,BUDGET,M,0.31
317590193,283,OLDER FAMILIES,BUDGET,H,0.88
317643896,254,YOUNG NO KIDS,NORMAL,L,0.45
318022592,252,NEW FAMILIES,NORMAL,M,0.64
318742570,251,YOUNG FAMILIES,BUDGET,H,0.65
318779092,251,MIDAGE NO KIDS,NORMAL,L,0.29
318808721,250,UNKNOWN,UNKNOWN,M,0.66
318909306,250,NEW FAMILIES,NORMAL,H,0.76
318928815,250,YOUNG FAMILIES,NORMAL,L,0.3
319108938,248,OLDER NO KIDS,PREMIUM,H,0.68
319202269,248,RETIREES,NORMAL,H,0.81
319335785,247,RETIREES,NORMAL,M,0.65
319410981,246,OLDER FAMILIES,PREMIUM,H,0.69
319450117,283,YOUNG NO KIDS,BUDGET,L,0.68
319491711,246,OLDER NO KIDS,NORMAL,M,0.74
319624778,245,YOUNG FAMILIES,BUDGET,H,0.61
319625663,245,YOUNG FAMILIES,BUDGET,H,0.78
319666828,245,OLDER NO KIDS,NORMAL,H,0.85
319858927,244,NEW FAMILIES,NORMAL,M,0.47
319875944,244,YOUNG FAMILIES,PREMIUM,H,0.45
320351685,241,MIDAGE NO KIDS,BUDGET,M,0.69
320865756,239,UNKNOWN,NORMAL,H,0.46
320906253,239,RETIREES,NORMAL,M,0.57
320975513,239,OLDER FAMILIES,NORMAL,M,0.54
321133633,238,OLDER NO KIDS,BUDGET,M,0.67
321136668,238,YOUNG NO KIDS,PREMIUM,H,0.69
321268727,237,NEW FAMILIES,BUDGET,M,0.54
221322870,236,YOUNG NO KIDS,NORMAL,H,0.71
221443209,236,YOUNG NO KIDS,NORMAL,L,0.29
221661155,234,MIDAGE NO KIDS,PREMIUM,H,0.79
221747058,233,RETIREES,NORMAL,M,0.51
221770529,233,OLDER FAMILIES,BUDGET,M,0.26
221892461,233,YOUNG NO KIDS,BUDGET,H,0.78
222118190,231,NEW FAMILIES,BUDGET,M,0.38
222297473,230,OLDER FAMILIES,BUDGET,H,0.65
222631480,229,OLDER NO KIDS,NORMAL,H,0.86
222734635,228,MIDAGE NO KIDS,BUDGET,L,0.84
223356682,228,NEW FAMILIES,PREMIUM,H,0.72
224991566,225,YOUNG FAMILIES,NORMAL,H,0.81
225051212,224,YOUNG FAMILIES,BUDGET,H,0.85
225250442,223,MIDAGE NO KIDS,PREMIUM,M,0.6
225353002,222,RETIREES,PREMIUM,M,0.69
225376530,222,NEW FAMILIES,BUDGET,H,0.6
225708547,220,NEW FAMILIES,PREMIUM,H,0.84
225929096,219,OLDER FAMILIES,BUDGET,H,0.87
225944649,219,YOUNG FAMILIES,PREMIUM,H,0.63
225986921,219,NEW FAMILIES,NORMAL,L,0.44
226144238,219,UNKNOWN,UNKNOWN,L,0.32
226594574,218,OLDER FAMILIES,PREMIUM,M,0.63
226694733,217,OLDER FAMILIES,PREMIUM,L,0.53
226847608,216,OLDER NO KIDS,NORMAL,L,0.2
227392219,212,YOUNG FAMILIES,NORMAL,M,0.73
227458433,212,OLDER NO KIDS,NORMAL,H,0.87
227647330,210,YOUNG NO KIDS,NORMAL,M,0.66
227843472,209,OLDER FAMILIES,BUDGET,M,0.54
227890493,208,MIDAGE NO KIDS,PREMIUM,L,0.4
227927968,208,YOUNG FAMILIES,NORMAL,H,0.54
228652842,203,YOUNG NO KIDS,NORMAL,M,0.63
229349081,198,RETIREES,NORMAL,H,0.72
229460561,197,OLDER NO KIDS,BUDGET,H,0.66
229697567,195,YOUNG NO KIDS,BUDGET,L,0.35
229765860,195,OLDER NO KIDS,BUDGET,M,0.48
229799922,194,NEW FAMILIES,PREMIUM,M,0.46
229806833,194,YOUNG FAMILIES,BUDGET,H,0.76
229808332,194,YOUNG FAMILIES,BUDGET,H,0.69
229809975,194,OLDER FAMILIES,PREMIUM,M,0.49
229894387,198,NEW FAMILIES,PREMIUM,H,0.78
229907759,194,YOUNG FAMILIES,BUDGET,H,0.51
229920933,201,MIDAGE NO KIDS,UNKNOWN,Z,0.77
229983448,193,UNKNOWN,UNKNOWN,H,0.82
230157842,192,RETIREES,PREMIUM,L,0.31
230279811,191,OLDER NO KIDS,NORMAL,H,0.85
230299859,191,UNKNOWN,UNKNOWN,L,0.44
230328072,191,YOUNG NO KIDS,NORMAL,H,0.89
230448161,190,YOUNG FAMILIES,BUDGET,M,0.41
230453138,190,YOUNG FAMILIES,PREMIUM,M,0.39
230458506,190,OLDER FAMILIES,NORMAL,H,0.77
230571946,190,RETIREES,BUDGET,L,0.47
230573570,189,OLDER FAMILIES,PREMIUM,M,0.65
231306238,193,OLDER NO KIDS,NORMAL,H,0.45
231448394,188,YOUNG FAMILIES,BUDGET,L,0.49
231910029,187,OLDER NO KIDS,NORMAL,H,0.62
232076559,189,YOUNG NO KIDS,NORMAL,H,0.74
232171288,186,YOUNG FAMILIES,BUDGET,H,0.64
232283789,185,MIDAGE NO KIDS,BUDGET,H,0.81
232392941,184,OLDER NO KIDS,BUDGET,H,0.57
232577055,183,RETIREES,BUDGET,H,0.79
232602203,183,RETIREES,BUDGET,M,0.74
232627988,183,YOUNG FAMILIES,BUDGET,M,0.48
232640851,182,OLDER NO KIDS,NORMAL,M,0.48
232699912,182,YOUNG NO KIDS,BUDGET,M,0.71
233023338,181,YOUNG FAMILIES,NORMAL,M,0.45
233152303,180,NEW FAMILIES,PREMIUM,H,0.73
233154989,180,OLDER FAMILIES,BUDGET,H,0.88
233375576,179,NEW FAMILIES,BUDGET,H,0.57
233788470,177,OLDER NO KIDS,BUDGET,L,0.5
234072983,177,MIDAGE NO KIDS,PREMIUM,L,0.66
234152871,176,YOUNG NO KIDS,BUDGET,L,0.56
234194899,176,YOUNG FAMILIES,PREMIUM,H,0.6
234362645,175,RETIREES,NORMAL,H,0.75
234537953,175,MIDAGE NO KIDS,BUDGET,L,0.38
234538977,174,OLDER NO KIDS,NORMAL,M,0.71
234608074,174,YOUNG FAMILIES,PREMIUM,H,0.79
234820051,173,YOUNG FAMILIES,NORMAL,H,0.82
223292582,515,OLDER NO KIDS,PREMIUM,H,0.75
223302487,515,YOUNG NO KIDS,PREMIUM,H,0.76
223304271,515,OLDER FAMILIES,NORMAL,H,0.71
223317294,515,OLDER NO KIDS,NORMAL,H,0.77
223401774,513,OLDER FAMILIES,NORMAL,M,0.64
223442935,513,RETIREES,PREMIUM,L,0.52
223450701,513,OLDER FAMILIES,PREMIUM,M,0.44
223462010,512,NEW FAMILIES,PREMIUM,H,0.81
223462550,512,RETIREES,NORMAL,M,0.54
223471842,512,RETIREES,NORMAL,M,0.52
223480537,512,RETIREES,PREMIUM,M,0.71
223529258,511,MIDAGE NO KIDS,NORMAL,L,0.14
223617723,510,RETIREES,NORMAL,M,0.66
223626031,510,RETIREES,NORMAL,M,0.56
223645128,509,YOUNG FAMILIES,PREMIUM,H,0.57
223653697,509,RETIREES,PREMIUM,M,0.59
223686646,508,YOUNG FAMILIES,NORMAL,M,0.55
223711143,508,RETIREES,PREMIUM,L,0.62
223722291,507,OLDER FAMILIES,NORMAL,H,0.69
223738453,507,OLDER NO KIDS,PREMIUM,M,0.63
223757295,507,OLDER FAMILIES,NORMAL,H,0.74
223770080,507,OLDER NO KIDS,NORMAL,H,0.71
223779471,507,OLDER FAMILIES,NORMAL,H,0.79
223809508,506,OLDER NO KIDS,PREMIUM,H,0.37
223825003,506,RETIREES,PREMIUM,H,0.85
223836621,506,MIDAGE NO KIDS,PREMIUM,H,0.63
223867090,505,MIDAGE NO KIDS,PREMIUM,L,0.82
223883060,505,OLDER FAMILIES,NORMAL,M,0.61
223887228,505,NEW FAMILIES,NORMAL,H,0.78
223899334,504,OLDER NO KIDS,NORMAL,H,0.64
223902292,504,RETIREES,PREMIUM,M,0.61
223939235,504,YOUNG FAMILIES,PREMIUM,L,0.1
223946230,504,MIDAGE NO KIDS,PREMIUM,H,0.69
223953382,504,RETIREES,NORMAL,M,0.53
223961604,504,RETIREES,NORMAL,H,0.7
223967459,504,YOUNG FAMILIES,NORMAL,H,0.75
224006652,503,OLDER FAMILIES,PREMIUM,M,0.5
224012751,503,YOUNG FAMILIES,NORMAL,M,0.5
224067628,502,YOUNG NO KIDS,PREMIUM,H,0.89
224073541,502,YOUNG FAMILIES,BUDGET,H,0.65
224223601,502,OLDER FAMILIES,BUDGET,L,0.47
224249294,502,OLDER FAMILIES,BUDGET,M,0.62
224252880,502,OLDER FAMILIES,NORMAL,L,0.46
224345959,501,RETIREES,NORMAL,L,0.11
224379753,501,OLDER FAMILIES,BUDGET,M,0.42
224407991,500,RETIREES,NORMAL,H,0.66
224412969,500,RETIREES,PREMIUM,L,0.44
224417166,500,OLDER NO KIDS,BUDGET,L,0.39
224469030,500,NEW FAMILIES,NORMAL,H,0.81
224477877,500,OLDER FAMILIES,BUDGET,M,0.75
224542132,500,OLDER FAMILIES,NORMAL,L,0.4
224577951,499,OLDER NO KIDS,PREMIUM,M,0.44
224578795,499,OLDER NO KIDS,NORMAL,M,0.77
224612314,499,OLDER FAMILIES,PREMIUM,H,0.71
224649493,499,RETIREES,PREMIUM,H,0.58
224668792,499,OLDER FAMILIES,PREMIUM,H,0.79
224670073,499,RETIREES,PREMIUM,H,0.67
224698126,499,RETIREES,PREMIUM,H,0.76
224748126,499,RETIREES,NORMAL,M,0.65
224770095,498,OLDER FAMILIES,NORMAL,H,0.66
224773194,498,YOUNG FAMILIES,PREMIUM,M,0.65
224918436,498,RETIREES,BUDGET,M,0.64
224944832,497,RETIREES,PREMIUM,M,0.5
224948332,497,YOUNG FAMILIES,PREMIUM,H,0.72
225075723,497,OLDER NO KIDS,PREMIUM,M,0.41
225129612,496,YOUNG FAMILIES,NORMAL,H,0.79
225131191,496,OLDER NO KIDS,BUDGET,H,0.73
225200302,496,OLDER NO KIDS,PREMIUM,H,0.72
225414186,495,YOUNG NO KIDS,PREMIUM,M,0.69
225443213,495,MIDAGE NO KIDS,PREMIUM,M,0.49
225577665,494,YOUNG NO KIDS,PREMIUM,L,0.43
225661763,492,OLDER NO KIDS,PREMIUM,M,0.48
225693496,492,YOUNG FAMILIES,BUDGET,M,0.46
225705002,491,OLDER NO KIDS,PREMIUM,L,0.25
225712778,491,OLDER NO KIDS,NORMAL,L,0.38
225714534,491,OLDER FAMILIES,PREMIUM,H,0.79
225724853,491,YOUNG FAMILIES,PREMIUM,H,0.69
225735074,491,YOUNG FAMILIES,PREMIUM,H,0.64
225778366,492,RETIREES,BUDGET,M,0.72
225832071,492,NEW FAMILIES,PREMIUM,H,0.68
225836442,491,MIDAGE NO KIDS,PREMIUM,M,0.6
225856992,492,OLDER NO KIDS,PREMIUM,L,0.17
225857960,492,OLDER FAMILIES,NORMAL,H,0.57
225858964,492,RETIREES,NORMAL,M,0.76
225899424,490,RETIREES,NORMAL,L,0.39
225914609,490,OLDER FAMILIES,PREMIUM,H,0.56
225916664,490,OLDER NO KIDS,BUDGET,M,0.41
225922427,492,OLDER NO KIDS,PREMIUM,H,0.75
225936430,490,OLDER FAMILIES,BUDGET,H,0.68
225938310,492,OLDER NO KIDS,PREMIUM,M,0.43
225965931,492,MIDAGE NO KIDS,PREMIUM,L,0.46
225982690,492,RETIREES,PREMIUM,H,0.85
225992125,489,OLDER NO KIDS,NORMAL,L,0.16
225993089,492,RETIREES,BUDGET,M,0.74
226000795,492,OLDER NO KIDS,PREMIUM,H,0.64
226050832,492,OLDER NO KIDS,NORMAL,M,0.64
226065030,492,NEW FAMILIES,PREMIUM,H,0.76
226066456,492,OLDER NO KIDS,PREMIUM,M,0.74
226088280,492,OLDER FAMILIES,PREMIUM,H,0.7
226108894,492,OLDER NO KIDS,PREMIUM,M,0.49
226125617,492,OLDER NO KIDS,PREMIUM,M,0.56
226129774,492,OLDER FAMILIES,NORMAL,M,0.69
226129775,492,OLDER NO KIDS,BUDGET,L,0.25
226131519,492,OLDER NO KIDS,NORMAL,L,0.37
226137123,488,OLDER NO KIDS,PREMIUM,L,0.62
226144045,492,RETIREES,PREMIUM,L,0.63
226145629,488,MIDAGE NO KIDS,NORMAL,H,0.6
226149231,492,OLDER NO KIDS,PREMIUM,M,0.4
226153025,488,RETIREES,NORMAL,L,0.44
226167995,487,YOUNG FAMILIES,NORMAL,M,0.47
234912134,173,YOUNG FAMILIES,NORMAL,H,0.84
235118242,172,OLDER NO KIDS,PREMIUM,M,0.33
235302889,171,MIDAGE NO KIDS,PREMIUM,M,0.49
235303986,171,NEW FAMILIES,NORMAL,H,0.73
235339950,170,YOUNG NO KIDS,BUDGET,H,0.78
235365798,170,YOUNG FAMILIES,NORMAL,L,0.26
235369246,170,RETIREES,BUDGET,L,0.39
235383928,170,RETIREES,PREMIUM,H,0.73
235410027,169,YOUNG FAMILIES,NORMAL,H,0.76
235427263,169,OLDER FAMILIES,PREMIUM,H,0.67
235433239,169,OLDER FAMILIES,BUDGET,H,0.91
235460196,168,YOUNG FAMILIES,BUDGET,H,0.64
235704994,168,MIDAGE NO KIDS,PREMIUM,H,0.66
236331559,167,YOUNG FAMILIES,BUDGET,H,0.6
236376813,166,MIDAGE NO KIDS,NORMAL,L,0.39
236687804,165,YOUNG NO KIDS,PREMIUM,M,0.6
237056919,163,OLDER NO KIDS,PREMIUM,H,0.26
237270972,162,OLDER FAMILIES,NORMAL,L,0.33
237460523,161,YOUNG NO KIDS,BUDGET,M,0.57
237547484,164,OLDER FAMILIES,BUDGET,H,0.75
237635261,161,NEW FAMILIES,PREMIUM,H,0.71
237892300,159,YOUNG NO KIDS,BUDGET,L,0.67
237939205,159,RETIREES,NORMAL,H,0.81
237997315,159,YOUNG NO KIDS,NORMAL,L,0.48
238315452,157,YOUNG NO KIDS,NORMAL,M,0.58
239076999,154,YOUNG NO KIDS,NORMAL,M,0.55
239099447,154,OLDER FAMILIES,PREMIUM,L,0.31
239174462,154,YOUNG NO KIDS,NORMAL,H,0.81
239540097,153,YOUNG FAMILIES,NORMAL,M,0.36
239590588,153,OLDER FAMILIES,NORMAL,L,0.47
240043573,151,YOUNG NO KIDS,PREMIUM,M,0.61
240317582,150,RETIREES,NORMAL,H,0.72
240319551,150,YOUNG FAMILIES,BUDGET,H,0.76
240416374,150,RETIREES,NORMAL,H,0.75
240548533,149,YOUNG FAMILIES,BUDGET,H,0.57
240714663,149,YOUNG NO KIDS,BUDGET,H,0.81
240741322,149,OLDER FAMILIES,BUDGET,H,0.79
241131056,147,OLDER FAMILIES,PREMIUM,H,0.94
241226214,147,MIDAGE NO KIDS,BUDGET,L,0.39
241299715,146,MIDAGE NO KIDS,PREMIUM,L,0.68
241348532,146,YOUNG NO KIDS,PREMIUM,L,0.64
241354040,146,YOUNG NO KIDS,NORMAL,M,0.61
241652545,149,YOUNG NO KIDS,BUDGET,H,0.83
241749148,145,NEW FAMILIES,BUDGET,H,0.6
241997776,144,NEW FAMILIES,BUDGET,M,0.44
242186719,143,YOUNG FAMILIES,NORMAL,H,0.83
242300613,142,MIDAGE NO KIDS,PREMIUM,M,0.61
242354074,142,MIDAGE NO KIDS,BUDGET,M,0.68
242612999,141,NEW FAMILIES,BUDGET,L,0.23
242919700,283,YOUNG NO KIDS,NORMAL,H,0.75
242933786,140,YOUNG NO KIDS,NORMAL,H,0.67
242948783,139,OLDER FAMILIES,NORMAL,H,0.74
243063778,138,RETIREES,BUDGET,H,0.85
243085922,138,OLDER NO KIDS,BUDGET,L,0.58
243420130,138,NEW FAMILIES,PREMIUM,H,0.77
243780647,140,YOUNG NO KIDS,NORMAL,H,0.74
243795710,137,OLDER NO KIDS,BUDGET,H,0.78
244000652,137,RETIREES,BUDGET,L,0.19
244211091,136,YOUNG NO KIDS,PREMIUM,M,0.58
244218825,136,MIDAGE NO KIDS,NORMAL,M,0.82
244226089,136,NEW FAMILIES,NORMAL,H,0.71
244259905,136,OLDER FAMILIES,BUDGET,H,0.74
244303772,136,YOUNG NO KIDS,PREMIUM,H,0.67
244982369,134,YOUNG NO KIDS,NORMAL,M,0.75
245096629,134,YOUNG NO KIDS,BUDGET,M,0.69
245602115,133,YOUNG FAMILIES,NORMAL,H,0.72
245719335,133,YOUNG FAMILIES,BUDGET,H,0.73
245974319,132,YOUNG NO KIDS,PREMIUM,M,0.37
245999441,132,NEW FAMILIES,NORMAL,H,0.54
246031034,131,OLDER FAMILIES,NORMAL,H,0.71
246489883,129,RETIREES,NORMAL,L,0.53
246554446,129,OLDER NO KIDS,NORMAL,H,0.77
246623248,129,OLDER FAMILIES,BUDGET,M,0.45
246656669,128,UNKNOWN,UNKNOWN,H,0.84
246695521,128,MIDAGE NO KIDS,BUDGET,L,0.15
247166932,126,RETIREES,BUDGET,M,0.69
247282037,126,YOUNG NO KIDS,PREMIUM,L,0.62
247377009,125,NEW FAMILIES,PREMIUM,H,0.78
247484555,125,MIDAGE NO KIDS,PREMIUM,M,0.88
247942464,123,OLDER FAMILIES,BUDGET,H,0.77
248050152,125,OLDER FAMILIES,BUDGET,L,0.51
248097354,122,YOUNG NO KIDS,NORMAL,L,0.42
248241258,132,OLDER NO KIDS,BUDGET,H,0.5
248258554,121,YOUNG NO KIDS,NORMAL,L,0.62
248403383,121,YOUNG NO KIDS,PREMIUM,L,0.28
248982175,118,MIDAGE NO KIDS,BUDGET,H,0.55
249122977,118,OLDER NO KIDS,PREMIUM,M,0.54
249218195,117,YOUNG FAMILIES,BUDGET,H,0.87
249406837,124,YOUNG NO KIDS,NORMAL,L,0.61
249588649,116,YOUNG FAMILIES,PREMIUM,M,0.56
249603156,116,OLDER FAMILIES,NORMAL,H,0.78
249706830,115,OLDER FAMILIES,PREMIUM,L,0.37
249892175,115,OLDER NO KIDS,NORMAL,M,0.56
250231098,113,NEW FAMILIES,PREMIUM,H,0.82
250244598,113,YOUNG NO KIDS,PREMIUM,L,0.39
250369124,113,RETIREES,NORMAL,H,0.9
250569636,115,NEW FAMILIES,PREMIUM,H,0.75
251095722,109,YOUNG FAMILIES,BUDGET,L,0.38
251290443,109,MIDAGE NO KIDS,PREMIUM,M,0.64
251396620,108,YOUNG FAMILIES,PREMIUM,M,0.5
226170077,492,YOUNG FAMILIES,NORMAL,H,0.58
226171171,492,RETIREES,PREMIUM,L,0.39
226177372,487,OLDER FAMILIES,NORMAL,H,0.67
226194046,492,OLDER NO KIDS,PREMIUM,H,0.62
226198880,492,RETIREES,PREMIUM,M,0.6
226216017,487,RETIREES,PREMIUM,L,0.17
226238705,487,OLDER NO KIDS,BUDGET,L,0.48
226328437,492,MIDAGE NO KIDS,PREMIUM,L,0.28
226357457,492,RETIREES,NORMAL,M,0.59
226366681,492,OLDER FAMILIES,NORMAL,H,0.82
226369755,492,MIDAGE NO KIDS,PREMIUM,L,0.56
226399226,486,MIDAGE NO KIDS,NORMAL,H,0.8
226438034,492,NEW FAMILIES,PREMIUM,H,0.83
226455054,485,RETIREES,NORMAL,H,0.7
226470704,492,YOUNG FAMILIES,NORMAL,L,0.17
226527802,492,OLDER NO KIDS,PREMIUM,M,0.66
226547748,492,OLDER FAMILIES,PREMIUM,H,0.63
226633490,492,RETIREES,NORMAL,L,0.38
226666408,484,OLDER FAMILIES,BUDGET,M,0.63
226703121,492,OLDER NO KIDS,PREMIUM,H,0.57
226706859,483,YOUNG NO KIDS,PREMIUM,M,0.49
226792457,492,OLDER FAMILIES,PREMIUM,H,0.81
226843375,492,RETIREES,PREMIUM,L,0.54
226868444,482,OLDER NO KIDS,PREMIUM,H,0.87
226949393,492,OLDER FAMILIES,PREMIUM,M,0.64
227004937,482,OLDER FAMILIES,BUDGET,M,0.45
227147043,492,OLDER FAMILIES,NORMAL,L,0.34
227249799,480,MIDAGE NO KIDS,PREMIUM,H,0.74
227285430,480,RETIREES,NORMAL,L,0.6
227322483,480,RETIREES,NORMAL,M,0.74
227363330,480,OLDER FAMILIES,BUDGET,H,0.69
227365803,480,RETIREES,PREMIUM,H,0.85
227486867,480,OLDER NO KIDS,NORMAL,H,0.81
227491082,480,RETIREES,PREMIUM,H,0.84
227568873,479,OLDER FAMILIES,NORMAL,H,0.68
227571758,479,OLDER NO KIDS,PREMIUM,M,0.44
227689457,479,OLDER FAMILIES,PREMIUM,H,0.84
227747343,479,OLDER FAMILIES,NORMAL,H,0.67
227958047,492,OLDER NO KIDS,NORMAL,H,0.66
227968306,478,OLDER NO KIDS,NORMAL,H,0.77
228126547,477,OLDER NO KIDS,PREMIUM,M,0.7
228171451,477,MIDAGE NO KIDS,NORMAL,H,0.76
228198376,581,NEW FAMILIES,PREMIUM,H,0.8
228287033,492,RETIREES,NORMAL,H,0.57
228315006,477,YOUNG FAMILIES,BUDGET,H,0.7
228530557,476,NEW FAMILIES,NORMAL,H,0.58
228628685,476,RETIREES,NORMAL,M,0.74
228679978,476,MIDAGE NO KIDS,NORMAL,H,0.8